INSERT INTO Pelanggan (ID_Pelanggan, Nama_Pelanggan, Alamat_Pelanggan, Nomor_Telepon) VALUES
(1, 'John Doe', 'Jl. ABC No. 123', '081234567890'),
(2, 'Jane Smith', 'Jl. XYZ No. 456', '087654321098'),
(3, 'Michael Johnson', 'Jl. DEF No. 789', '081111222333'),
(4, 'Sarah Williams', 'Jl. GHI No. 012', '089876543210'),
(5, 'Emily Brown', 'Jl. JKL No. 345', '081234567891');
INSERT INTO Paket (ID_Paket, Nama_Paket, Kecepatan_Internet, Kuota, Durasi) VALUES
(1, 'Paket A', '50 Mbps', '100GB', 30),
(2, 'Paket B', '100 Mbps', '200GB', 30),
(3, 'Paket C', '200 Mbps', '500GB', 30),
(4, 'Paket D', '500 Mbps', '1TB', 30),
(5, 'Paket E', '1 Gbps', '2TB', 30);
INSERT INTO Langganan (ID_Langganan, ID_Pelanggan, ID_Paket, Tanggal_Mulai, Tanggal_Berakhir, Status_Langganan) VALUES
(1, 1, 1, '2023-01-01', '2023-01-31', 'Aktif'),
(2, 2, 2, '2023-02-15', '2023-03-16', 'Aktif'),
(3, 3, 3, '2023-03-10', '2023-04-09', 'Aktif'),
(4, 4, 4, '2023-04-05', '2023-05-05', 'Aktif'),
(5, 5, 5, '2023-05-20', '2023-06-19', 'Aktif'),
(6, 1, 3, '2023-03-01', '2023-03-31', 'Aktif'),
(7, 2, 4, '2023-04-10', '2023-05-10', 'Aktif'),
(8, 3, 5, '2023-05-01', '2023-05-31', 'Aktif'),
(9, 4, 1, '2023-01-15', '2023-02-14', 'Aktif'),
(10, 5, 2, '2023-02-25', '2023-03-26', 'Aktif'),
(11, 1, 4, '2023-04-01', '2023-04-30', 'Aktif'),
(12, 2, 5, '2023-05-15', '2023-06-14', 'Aktif'),
(13, 3, 1, '2023-01-05', '2023-02-04', 'Aktif'),
(14, 4, 2, '2023-02-10', '2023-03-12', 'Aktif'),
(15, 5, 3, '2023-03-20', '2023-04-19', 'Aktif'),
(16, 1, 5, '2023-05-05', '2023-06-04', 'Aktif'),
(17, 2, 1, '2023-01-20', '2023-02-19', 'Aktif'),
(18, 3, 2, '2023-02-28', '2023-03-30', 'Aktif'),
(19, 4, 3, '2023-03-15', '2023-04-14', 'Aktif'),
(20, 5, 4, '2023-04-25', '2023-05-25', 'Aktif');
INSERT INTO Pembayaran (ID_Pembayaran, ID_Langganan, Tanggal_Pembayaran, Jumlah_Pembayaran) VALUES
(1, 1, '2023-01-05', 100000),
(2, 1, '2023-02-06', 100000),
(3, 2, '2023-02-20', 150000),
(4, 2, '2023-03-20', 150000),
(5, 3, '2023-03-25', 200000),
(6, 4, '2023-04-10', 250000),
(7, 4, '2023-05-10', 250000),
(8, 5, '2023-05-30', 300000),
(9, 6, '2023-03-05', 200000),
(10, 7, '2023-04-10', 250000),
(11, 8, '2023-05-10', 300000),
(12, 9, '2023-01-20', 150000),
(13, 9, '2023-02-20', 150000),
(14, 10, '2023-03-25', 200000),
(15, 10, '2023-04-25', 200000),
(16, 11, '2023-05-05', 250000),
(17, 12, '2023-06-05', 300000),
(18, 13, '2023-01-10', 150000),
(19, 14, '2023-02-10', 150000),
(20, 15, '2023-03-15', 200000);
